City_ID,City,Country,Date,Lat,Lng,Max Temp,Humidity,Cloudiness,Wind Speed
0,Lebu,CL,2020-06-17 21:15:40,-37.62,-73.65,52.99,83,64,12.86
1,Kavaratti,IN,2020-06-17 21:16:53,10.57,72.64,84.56,77,100,22.88
2,Port Elizabeth,ZA,2020-06-17 21:15:00,-33.92,25.57,50.0,93,0,2.24
3,Brokopondo,SR,2020-06-17 21:16:55,4.75,-55.17,80.83,82,49,8.08
4,Kangaba,ML,2020-06-17 21:16:56,11.93,-8.42,86.25,42,88,9.4
5,Puerto Penasco,MX,2020-06-17 21:16:57,31.32,-113.53,82.0,63,0,18.01
6,Shugurovo,RU,2020-06-17 21:16:57,54.51,52.13,60.85,91,12,6.11
7,Port Lincoln,AU,2020-06-17 21:16:58,-34.73,135.87,55.8,63,8,20.11
8,Ushuaia,AR,2020-06-17 21:14:13,-54.8,-68.3,37.4,74,40,3.36
9,Huarmey,PE,2020-06-17 21:16:59,-10.07,-78.15,69.06,68,0,12.82
10,Atuona,PF,2020-06-17 21:16:59,-9.8,-139.03,80.42,73,0,15.5
11,Lasa,IT,2020-06-17 21:17:00,46.62,10.7,46.4,87,75,8.05
12,Saint George,US,2020-06-17 21:17:00,37.1,-113.58,88.0,19,1,6.93
13,Katangli,RU,2020-06-17 21:17:02,51.71,143.23,40.39,98,100,11.77
14,Rikitea,PF,2020-06-17 21:17:02,-23.12,-134.97,75.45,79,23,15.46
15,Piqua,US,2020-06-17 21:17:04,40.14,-84.24,82.4,39,75,12.75
16,Georgetown,MY,2020-06-17 21:17:05,5.41,100.34,80.6,94,40,4.7
17,Arkhara,RU,2020-06-17 21:17:06,49.42,130.08,51.26,90,96,3.69
18,Mo I Rana,NO,2020-06-17 21:16:55,66.31,14.14,60.8,55,86,8.05
19,Vaini,TO,2020-06-17 21:17:07,-21.2,-175.2,73.4,73,20,13.87
20,Cherskiy,RU,2020-06-17 21:17:08,68.75,161.3,76.05,30,29,3.71
21,Touros,BR,2020-06-17 21:17:08,-5.2,-35.46,78.8,78,20,11.41
22,Necochea,AR,2020-06-17 21:17:09,-38.55,-58.74,62.01,99,100,3.0
23,Airai,TL,2020-06-17 21:17:09,-8.93,125.41,55.26,100,29,4.72
24,Dikson,RU,2020-06-17 21:17:10,73.51,80.55,32.88,92,97,2.51
25,Boshan,CN,2020-06-17 21:17:10,36.48,117.83,63.28,77,100,3.02
26,Sedalia,US,2020-06-17 21:17:11,38.7,-93.23,84.2,51,1,12.75
27,Yellowknife,CA,2020-06-17 21:17:11,62.46,-114.35,62.01,43,40,16.11
28,Ancud,CL,2020-06-17 21:14:36,-41.87,-73.82,52.0,87,75,12.75
29,Itarema,BR,2020-06-17 21:17:13,-2.92,-39.92,77.76,85,3,10.4
30,Port Hawkesbury,CA,2020-06-17 21:17:13,45.62,-61.35,79.0,47,1,11.41
31,Avarua,CK,2020-06-17 21:17:14,-21.21,-159.78,73.4,64,91,10.29
32,Fomboni,KM,2020-06-17 21:17:14,-12.28,43.74,79.63,70,1,14.52
33,Bluff,NZ,2020-06-17 21:17:15,-46.6,168.33,39.0,83,22,3.0
34,Ilulissat,GL,2020-06-17 21:17:15,69.22,-51.1,39.2,73,85,5.82
35,Scottsboro,US,2020-06-17 21:17:16,34.67,-86.03,75.2,60,90,6.93
36,Carnarvon,AU,2020-06-17 21:17:16,-24.87,113.63,68.0,100,75,4.7
37,Jamestown,US,2020-06-17 21:17:17,42.1,-79.24,79.0,34,1,3.36
38,Abalak,RU,2020-06-17 21:17:17,58.13,68.59,44.35,84,58,6.6
39,Hearst,CA,2020-06-17 21:17:18,49.68,-83.67,91.38,25,100,13.67
40,Qaanaaq,GL,2020-06-17 21:17:18,77.48,-69.36,34.2,88,34,2.35
41,Hilo,US,2020-06-17 21:17:19,19.73,-155.09,80.01,57,90,4.99
42,Chokurdakh,RU,2020-06-17 21:17:20,70.63,147.92,70.77,36,13,7.58
43,Bengkulu,ID,2020-06-17 21:17:22,-3.8,102.27,76.75,87,71,4.43
44,Vanavara,RU,2020-06-17 21:17:22,60.34,102.28,47.34,73,93,2.01
45,Patnanungan,PH,2020-06-17 21:17:23,14.78,122.18,82.56,77,100,8.88
46,Baghdad,IQ,2020-06-17 21:14:01,33.34,44.4,86.0,23,0,3.36
47,Mangai,CD,2020-06-17 21:17:24,-4.05,19.53,68.34,46,49,1.74
48,Biak,ID,2020-06-17 21:17:24,-0.91,122.88,77.59,83,76,7.65
49,San Quintin,MX,2020-06-17 21:17:26,30.48,-115.95,69.4,64,0,14.09
50,Hashtrud,IR,2020-06-17 21:17:26,37.48,47.05,63.57,49,0,3.89
51,Troitskoye,RU,2020-06-17 21:17:27,52.98,84.68,60.22,85,82,8.23
52,Tiksi,RU,2020-06-17 21:16:14,71.69,128.87,50.41,80,100,6.46
53,Albany,US,2020-06-17 21:17:29,42.6,-73.97,88.0,33,0,1.01
54,Vicuna,CL,2020-06-17 21:17:29,-30.03,-70.71,60.8,59,36,2.24
55,Qaqortoq,GL,2020-06-17 21:17:30,60.72,-46.03,46.4,65,75,8.05
56,Saint-Philippe,RE,2020-06-17 21:17:31,-21.36,55.77,64.4,88,75,11.41
57,Opuwo,NA,2020-06-17 21:17:32,-18.06,13.84,57.49,43,0,7.34
58,Barrow,US,2020-06-17 21:17:32,71.29,-156.79,41.0,75,1,12.75
59,Butaritari,KI,2020-06-17 21:17:33,3.07,172.79,82.67,76,1,13.35
60,Lorengau,PG,2020-06-17 21:17:33,-2.02,147.27,81.73,78,42,9.24
61,Lompoc,US,2020-06-17 21:17:34,34.64,-120.46,72.0,56,3,14.99
62,Arraial Do Cabo,BR,2020-06-17 21:17:34,-22.97,-42.03,71.6,68,20,12.75
63,Longyearbyen,SJ,2020-06-17 21:17:35,78.22,15.64,41.0,65,20,5.82
64,Hobyo,SO,2020-06-17 21:17:36,5.35,48.53,79.95,70,100,27.85
65,Mahbubabad,IN,2020-06-17 21:17:36,17.62,80.02,80.98,73,100,6.87
66,Hobart,AU,2020-06-17 21:17:36,-42.88,147.33,35.01,82,20,10.29
67,Hamilton,US,2020-06-17 21:17:37,39.18,-84.53,82.99,39,1,10.29
68,Labuhan,ID,2020-06-17 21:17:38,-6.88,112.21,76.87,88,20,7.36
69,Namatanai,PG,2020-06-17 21:17:39,-3.67,152.43,79.79,81,52,8.86
70,Andra,RU,2020-06-17 21:17:41,62.51,65.89,40.23,89,45,4.79
71,New Norfolk,AU,2020-06-17 21:17:41,-42.78,147.06,33.01,88,0,2.53
72,Busselton,AU,2020-06-17 21:17:41,-33.65,115.33,52.0,59,9,19.66
73,Starobaltachevo,RU,2020-06-17 21:17:44,56.0,55.92,47.01,69,0,7.45
74,Punta Arenas,CL,2020-06-17 21:17:44,-53.15,-70.92,32.0,84,0,5.82
75,Saskylakh,RU,2020-06-17 21:17:45,71.92,114.08,59.88,52,60,18.68
76,Valparaiso,CL,2020-06-17 21:17:45,-33.04,-71.63,51.8,100,90,18.34
77,East London,ZA,2020-06-17 21:17:46,-33.02,27.91,61.57,73,1,13.44
78,Carroll,US,2020-06-17 21:17:46,39.55,-77.02,72.0,77,100,7.72
79,Tuktoyaktuk,CA,2020-06-17 21:17:46,69.45,-133.04,44.6,93,40,12.75
80,Verkhoyansk,RU,2020-06-17 21:17:47,67.54,133.38,72.52,38,0,10.74
81,Blagodarnyy,RU,2020-06-17 21:17:47,45.1,43.44,66.09,58,2,8.01
82,Berlevag,NO,2020-06-17 21:17:49,70.86,29.09,44.6,75,7,8.05
83,Satipo,PE,2020-06-17 21:17:50,-11.25,-74.64,84.43,51,52,1.43
84,Chulym,RU,2020-06-17 21:17:50,55.1,80.96,50.59,89,17,4.94
85,Anloga,GH,2020-06-17 21:17:51,5.79,0.9,78.8,88,40,10.29
86,Cape Town,ZA,2020-06-17 21:17:20,-33.93,18.42,51.01,76,58,3.36
87,Luderitz,NA,2020-06-17 21:17:52,-26.65,15.16,71.76,22,0,17.96
88,Thompson,CA,2020-06-17 21:17:53,55.74,-97.86,44.6,93,90,14.99
89,Bredasdorp,ZA,2020-06-17 21:17:53,-34.53,20.04,42.8,93,0,4.25
90,Castro,BR,2020-06-17 21:17:54,-24.79,-50.01,59.2,87,0,5.08
91,Nikolskoye,RU,2020-06-17 21:17:54,59.7,30.79,69.8,73,20,8.95
92,Mataura,NZ,2020-06-17 21:17:55,-46.19,168.86,39.0,83,0,3.0
93,Ankang,CN,2020-06-17 21:17:55,32.68,109.02,64.85,89,35,1.01
94,Flin Flon,CA,2020-06-17 21:17:55,54.77,-101.86,44.6,93,90,12.75
95,Guerrero Negro,MX,2020-06-17 21:17:56,27.98,-114.06,74.43,49,0,16.6
96,Vila,PT,2020-06-17 21:17:56,42.03,-8.16,60.01,82,27,6.93
97,Ponta Do Sol,PT,2020-06-17 21:17:57,32.67,-17.1,68.0,77,40,8.05
98,Saint-Junien,FR,2020-06-17 21:15:21,45.88,0.9,55.99,93,20,4.7
99,Smithers,CA,2020-06-17 21:17:58,54.78,-127.17,62.6,48,40,4.7
100,Pevek,RU,2020-06-17 21:17:59,69.7,170.31,44.04,64,99,5.1
101,Port Alfred,ZA,2020-06-17 21:18:00,-33.59,26.89,54.0,86,0,5.01
102,Inta,RU,2020-06-17 21:18:01,66.03,60.17,37.02,79,91,11.63
103,Meulaboh,ID,2020-06-17 21:18:02,4.14,96.13,77.63,76,97,3.85
104,Fort Saint James,CA,2020-06-17 21:18:02,54.43,-124.25,73.78,31,26,1.72
105,Stornoway,GB,2020-06-17 21:18:03,58.21,-6.39,55.99,93,59,4.7
106,Dalvik,IS,2020-06-17 21:18:05,65.97,-18.53,51.8,76,57,9.17
107,Nuevo Imperial,PE,2020-06-17 21:18:05,-13.08,-76.32,66.85,68,2,7.74
108,Upernavik,GL,2020-06-17 21:18:06,72.79,-56.15,35.22,86,0,4.79
109,Bima,ID,2020-06-17 21:18:07,-8.47,118.72,74.19,89,100,4.23
110,Quatre Cocos,MU,2020-06-17 21:18:07,-20.21,57.76,69.01,94,75,18.34
111,Palana,RU,2020-06-17 21:18:07,59.12,159.97,46.42,86,100,6.85
112,Te Anau,NZ,2020-06-17 21:18:08,-45.42,167.72,36.32,84,29,5.99
113,Esperance,AU,2020-06-17 21:18:08,-33.87,121.9,55.4,87,75,12.75
114,Santa Fe,AR,2020-06-17 21:18:09,-31.63,-60.7,77.0,69,100,4.0
115,Flinders,AU,2020-06-17 21:18:09,-34.58,150.86,55.0,85,73,1.01
116,Ixtapa,MX,2020-06-17 21:18:09,20.7,-105.2,86.0,54,5,13.87
117,Karratha,AU,2020-06-17 21:18:10,-20.74,116.85,67.69,64,0,5.03
118,Sabha,LY,2020-06-17 21:18:10,27.04,14.43,80.13,15,0,7.45
119,Nyrob,RU,2020-06-17 21:18:11,60.73,56.72,39.27,74,1,4.12
120,Presidente Medici,BR,2020-06-17 21:18:12,-11.18,-61.9,82.38,75,16,2.15
121,Zeya,RU,2020-06-17 21:18:13,53.75,127.27,53.8,63,30,1.86
122,Hithadhoo,MV,2020-06-17 21:18:13,-0.6,73.08,84.16,74,24,6.89
123,Dzhebariki-Khaya,RU,2020-06-17 21:18:13,62.22,135.8,64.38,51,14,5.06
124,Sitka,US,2020-06-17 21:18:15,57.05,-135.33,55.4,66,90,4.7
125,Arua,UG,2020-06-17 21:18:15,3.02,30.91,63.9,91,43,2.91
126,Bilma,NE,2020-06-17 21:18:16,18.69,12.92,88.65,13,0,4.54
127,Grand Gaube,MU,2020-06-17 21:18:16,-20.01,57.66,69.01,89,45,10.0
128,Alice Springs,AU,2020-06-17 21:18:17,-23.7,133.88,33.8,55,0,2.24
129,Manta,EC,2020-06-17 21:18:19,-0.95,-80.73,78.8,83,75,10.29
130,Provideniya,RU,2020-06-17 21:18:19,64.38,-173.3,55.4,58,97,8.95
131,Los Andes,CL,2020-06-17 21:18:19,-32.83,-70.6,53.6,66,75,21.92
132,Lyantonde,UG,2020-06-17 21:18:20,-0.4,31.16,64.17,68,41,3.96
133,Filingue,NE,2020-06-17 21:18:21,14.35,3.32,91.98,36,86,21.09
134,Vanimo,PG,2020-06-17 21:18:22,-2.67,141.3,76.59,85,7,4.59
135,Itupiranga,BR,2020-06-17 21:18:23,-5.13,-49.33,89.6,49,24,4.7
136,Cabo San Lucas,MX,2020-06-17 21:18:23,22.89,-109.91,93.2,34,5,12.75
137,Linxia,CN,2020-06-17 21:18:23,35.6,103.21,53.71,55,0,4.32
138,Galesong,ID,2020-06-17 21:18:25,-5.32,119.37,77.0,100,20,3.36
139,Petropavlovsk-Kamchatskiy,RU,2020-06-17 21:18:26,53.05,158.65,42.8,100,90,2.24
140,Mankono,CI,2020-06-17 21:18:26,8.06,-6.19,77.05,87,30,6.42
141,Kinablangan,PH,2020-06-17 21:18:27,7.69,126.55,78.17,81,100,4.09
142,Nalut,LY,2020-06-17 21:18:27,30.33,10.85,84.27,14,0,9.15
143,Shimoda,JP,2020-06-17 21:18:27,34.67,138.95,64.0,91,100,1.01
144,Artvin,TR,2020-06-17 21:18:28,41.17,41.83,69.8,88,20,6.93
145,Muzhi,RU,2020-06-17 21:14:53,65.37,64.67,37.11,79,37,11.68
146,Kavieng,PG,2020-06-17 21:18:29,-2.57,150.8,83.14,73,12,8.37
147,Bonavista,CA,2020-06-17 21:18:30,48.65,-53.11,57.31,57,100,24.96
148,Mar Del Plata,AR,2020-06-17 21:14:07,-38.0,-57.56,64.4,93,90,3.36
149,Coquimbo,CL,2020-06-17 21:18:31,-29.95,-71.34,60.8,59,4,2.24
150,Nevsehir,TR,2020-06-17 21:17:56,38.92,34.67,66.2,52,16,3.36
151,Narsaq,GL,2020-06-17 21:18:32,60.92,-46.05,46.4,65,75,8.05
152,Yar-Sale,RU,2020-06-17 21:18:32,66.83,70.83,36.61,81,7,6.53
153,Ribeira Grande,PT,2020-06-17 21:18:33,38.52,-28.7,66.2,77,75,5.82
154,Chapais,CA,2020-06-17 21:18:33,49.78,-74.85,86.0,37,1,12.75
155,Los Llanos De Aridane,ES,2020-06-17 21:17:15,28.66,-17.92,73.4,78,20,6.93
156,Severo-Kurilsk,RU,2020-06-17 21:18:36,50.68,156.12,43.79,88,100,6.35
157,Nantucket,US,2020-06-17 21:18:36,41.28,-70.1,69.8,64,1,5.82
158,Ballina,AU,2020-06-17 21:16:43,-28.87,153.57,55.4,93,75,5.82
159,Comodoro Rivadavia,AR,2020-06-17 21:18:37,-45.87,-67.5,53.6,62,100,5.82
160,Bethel,US,2020-06-17 21:18:38,41.37,-73.41,81.0,53,1,9.17
161,Khatanga,RU,2020-06-17 21:18:38,71.97,102.5,47.88,59,94,10.22
162,Kapaa,US,2020-06-17 21:18:39,22.08,-159.32,82.99,74,75,14.99
163,Priladozhskiy,RU,2020-06-17 21:18:40,59.85,31.48,63.0,99,4,3.8
164,Puerto Ayora,EC,2020-06-17 21:18:40,-0.74,-90.35,75.2,78,75,8.05
165,Kruisfontein,ZA,2020-06-17 21:18:40,-34.0,24.73,53.4,41,0,5.86
166,Vardo,NO,2020-06-17 21:18:41,70.37,31.11,44.6,81,13,11.41
167,Sao Joao Da Barra,BR,2020-06-17 21:18:42,-21.64,-41.05,73.4,69,20,10.29
168,Karasjok,NO,2020-06-17 21:18:42,69.47,25.51,46.4,75,1,3.36
169,Yeppoon,AU,2020-06-17 21:18:43,-23.13,150.73,60.8,77,100,6.93
170,Saint-Denis,FR,2020-06-17 21:17:12,48.92,2.33,64.0,67,21,1.12
171,Isagarh,IN,2020-06-17 21:18:43,24.83,77.88,87.28,55,100,16.24
172,Norman Wells,CA,2020-06-17 21:18:44,65.28,-126.83,82.4,32,40,9.17
173,Faya,SA,2020-06-17 21:18:45,18.39,42.45,78.8,25,89,4.59
174,Shahreza,IR,2020-06-17 21:18:45,32.03,51.88,75.22,18,0,6.04
175,Beringovskiy,RU,2020-06-17 21:18:46,63.05,179.32,50.25,59,0,2.82
176,Kristiansund,NO,2020-06-17 21:18:46,63.11,7.73,59.0,82,68,6.93
177,Valdivia,CL,2020-06-17 21:18:46,-39.81,-73.25,53.6,87,75,6.93
178,Fort Wellington,GY,2020-06-17 21:14:59,6.4,-57.6,81.52,78,21,9.1
179,Am Timan,TD,2020-06-17 21:18:09,11.03,20.28,78.66,67,100,4.7
180,Lima,PE,2020-06-17 21:14:10,-12.04,-77.03,66.2,72,90,13.87
181,Izhma,RU,2020-06-17 21:18:49,65.01,53.91,37.17,78,36,5.41
182,Magadan,RU,2020-06-17 21:16:09,59.57,150.8,48.52,85,49,4.59
183,Socorro,US,2020-06-17 21:18:50,31.65,-106.3,98.6,13,40,10.29
184,Chuy,UY,2020-06-17 21:18:51,-33.7,-53.46,66.99,80,100,9.51
185,Tuatapere,NZ,2020-06-17 21:18:51,-46.13,167.68,39.0,83,23,3.0
186,Padang,ID,2020-06-17 21:18:52,-0.95,100.35,77.49,79,13,5.5
187,Cidreira,BR,2020-06-17 21:18:52,-30.18,-50.21,64.53,87,6,10.49
188,Alofi,NU,2020-06-17 21:18:53,-19.06,-169.92,77.0,47,20,14.99
189,Kloulklubed,PW,2020-06-17 21:18:54,7.04,134.26,84.38,71,100,4.9
190,Aklavik,CA,2020-06-17 21:18:54,68.22,-135.01,62.6,63,75,3.36
191,Zalantun,CN,2020-06-17 21:18:54,48.0,122.72,59.0,80,99,1.45
192,Katsuura,JP,2020-06-17 21:18:55,35.13,140.3,72.0,84,100,10.49
193,Mahebourg,MU,2020-06-17 21:18:55,-20.41,57.7,68.0,94,75,18.34
194,Monrovia,LR,2020-06-17 21:18:56,6.3,-10.8,77.86,90,64,9.13
195,Yulara,AU,2020-06-17 21:18:56,-25.24,130.99,42.8,48,0,5.82
196,Fort Nelson,CA,2020-06-17 21:18:57,58.81,-122.7,60.8,77,75,4.7
197,Olinda,BR,2020-06-17 21:18:57,-8.01,-34.86,80.6,65,40,17.22
198,Grindavik,IS,2020-06-17 21:18:58,63.84,-22.43,48.2,76,75,17.22
199,Clyde River,CA,2020-06-17 21:18:59,70.47,-68.59,35.6,80,90,4.7
200,Hermanus,ZA,2020-06-17 21:19:00,-34.42,19.23,61.16,46,2,7.14
201,Abu Zabad,SD,2020-06-17 21:19:00,12.35,29.25,83.16,51,80,13.2
202,Tasiilaq,GL,2020-06-17 21:19:01,65.61,-37.64,37.4,86,100,26.4
203,Sawakin,SD,2020-06-17 21:19:02,19.11,37.33,90.32,26,0,8.84
204,Victoria,HK,2020-06-17 21:19:03,22.29,114.16,84.0,74,11,8.99
205,Richards Bay,ZA,2020-06-17 21:19:04,-28.78,32.04,60.71,76,100,6.04
206,Tortoli,IT,2020-06-17 21:14:32,39.93,9.66,69.8,68,0,6.93
207,Dakar,SN,2020-06-17 21:16:44,14.69,-17.44,80.6,88,40,11.41
208,Comrat,MD,2020-06-17 21:19:07,46.3,28.66,65.32,91,25,7.45
209,Poum,NC,2020-06-17 21:19:09,-20.23,164.02,73.53,73,94,14.56
210,Coos Bay,US,2020-06-17 21:19:10,43.37,-124.22,73.99,72,1,19.46
211,Ormara,PK,2020-06-17 21:19:10,25.21,64.64,84.74,85,46,10.16
212,Garden City,US,2020-06-17 21:19:10,42.33,-83.33,87.01,34,20,11.41
213,Gazanjyk,TM,2020-06-17 21:19:11,39.24,55.52,84.18,13,0,18.66
214,Isiro,CD,2020-06-17 21:19:11,2.77,27.62,66.88,97,89,0.58
215,Craig,US,2020-06-17 21:17:30,40.52,-107.55,69.8,28,1,4.7
216,Cayenne,GF,2020-06-17 21:19:12,4.93,-52.33,77.0,94,75,5.59
217,Bambous Virieux,MU,2020-06-17 21:19:13,-20.34,57.76,69.01,94,75,18.34
218,Taraz,KZ,2020-06-17 21:19:14,42.9,71.37,57.2,50,8,6.71
219,Kaitangata,NZ,2020-06-17 21:19:14,-46.28,169.85,44.01,61,11,8.01
220,Wamba,NG,2020-06-17 21:19:15,8.93,8.6,74.73,90,100,2.77
221,Zhigalovo,RU,2020-06-17 21:14:38,54.81,105.16,43.25,74,0,1.95
222,Dingle,PH,2020-06-17 21:19:17,11.0,122.67,77.65,83,100,2.8
223,Port Keats,AU,2020-06-17 21:19:18,-14.25,129.55,68.43,66,0,9.1
224,Gurupi,BR,2020-06-17 21:19:19,-11.73,-49.07,76.96,53,0,4.7
225,Kodiak,US,2020-06-17 21:19:19,57.79,-152.41,50.0,93,90,17.22
226,Khandyga,RU,2020-06-17 21:19:21,62.67,135.6,66.02,53,30,2.84
227,Iqaluit,CA,2020-06-17 21:19:21,63.75,-68.51,41.0,60,75,11.41
228,Placido De Castro,BR,2020-06-17 21:19:21,-10.34,-67.19,85.64,56,31,2.24
229,Lavrentiya,RU,2020-06-17 21:19:22,65.58,-171.0,49.37,66,59,2.71
230,Ambulu,ID,2020-06-17 21:19:23,-8.35,113.61,75.61,87,14,3.67
231,Borgarnes,IS,2020-06-17 21:19:24,64.54,-21.92,52.0,61,90,13.87
232,Emure,NG,2020-06-17 21:19:24,7.44,5.46,71.65,97,100,4.61
233,Hambantota,LK,2020-06-17 21:19:24,6.12,81.12,80.74,85,68,15.57
234,West Bay,KY,2020-06-17 21:19:25,19.37,-81.42,88.0,74,20,5.82
235,Khuzdar,PK,2020-06-17 21:19:25,27.74,66.64,80.06,53,0,8.81
236,Lucapa,AO,2020-06-17 21:19:26,-8.42,20.74,63.63,42,0,3.65
237,Qandala,SO,2020-06-17 21:19:26,11.47,49.87,92.23,47,88,10.27
238,Narasannapeta,IN,2020-06-17 21:19:26,18.42,84.05,83.77,77,100,12.41
239,Akyab,MM,2020-06-17 21:19:27,20.15,92.9,82.47,81,100,13.2
240,Qarqin,AF,2020-06-17 21:19:27,37.42,66.04,80.1,16,0,11.68
241,Sheltozero,RU,2020-06-17 21:19:28,61.37,35.37,55.92,72,0,10.96
242,Mayo,US,2020-06-17 21:19:28,38.89,-76.51,71.01,83,90,9.17
243,Isangel,VU,2020-06-17 21:19:29,-19.55,169.27,77.0,78,20,6.93
244,Portland,US,2020-06-17 21:19:24,45.52,-122.68,71.01,49,40,4.7
245,Samarai,PG,2020-06-17 21:19:29,-10.62,150.67,79.03,83,100,14.83
246,Kilindoni,TZ,2020-06-17 21:19:30,-7.91,39.67,79.93,70,70,22.97
247,Murgab,TM,2020-06-17 21:19:30,37.5,61.97,75.2,36,0,2.24
248,Nome,US,2020-06-17 21:19:31,64.5,-165.41,66.2,48,1,11.41
249,Slave Lake,CA,2020-06-17 21:19:31,55.28,-114.77,55.4,76,90,8.05
250,Laguna,US,2020-06-17 21:19:32,38.42,-121.42,86.0,20,5,17.22
251,Chulman,RU,2020-06-17 21:19:32,56.85,124.91,53.96,67,6,1.9
252,Nurota,UZ,2020-06-17 21:17:53,40.56,65.69,69.8,28,0,4.7
253,Presidencia Roque Saenz Pena,AR,2020-06-17 21:19:33,-26.79,-60.44,86.0,45,100,4.0
254,Krasnoselkup,RU,2020-06-17 21:19:34,65.7,82.47,42.12,70,100,4.41
255,Nemuro,JP,2020-06-17 21:19:34,43.32,145.57,52.56,93,99,8.34
256,Marawi,PH,2020-06-17 21:19:35,8.0,124.29,68.9,90,100,3.18
257,Tezu,IN,2020-06-17 21:19:35,27.92,96.17,75.69,86,100,2.15
258,Sao Filipe,CV,2020-06-17 21:19:36,14.9,-24.5,77.16,75,2,10.02
259,Drayton Valley,CA,2020-06-17 21:19:36,53.22,-114.99,53.01,90,100,8.01
260,Paramonga,PE,2020-06-17 21:19:37,-10.67,-77.83,66.61,73,4,12.88
261,Salalah,OM,2020-06-17 21:19:37,17.02,54.09,84.2,83,40,4.7
262,Dauphin,CA,2020-06-17 21:19:38,51.15,-100.05,80.6,51,1,12.75
263,Melfort,CA,2020-06-17 21:19:38,52.87,-104.62,48.2,100,90,17.22
264,Pacific Grove,US,2020-06-17 21:19:39,36.62,-121.92,77.0,43,1,9.17
265,Hammerfest,NO,2020-06-17 21:19:39,70.66,23.68,48.2,70,7,9.17
266,Pindiga,NG,2020-06-17 21:19:42,9.98,10.93,77.32,80,99,13.02
267,Rongcheng,CN,2020-06-17 21:19:42,30.63,117.85,78.31,86,99,2.68
268,San Carlos,VE,2020-06-17 21:19:43,9.66,-68.58,86.41,64,0,2.33
269,Kamenka,RU,2020-06-17 21:19:44,51.32,42.77,66.0,69,0,4.0
270,Sarai Naurang,PK,2020-06-17 21:19:45,32.83,70.78,92.71,11,0,2.26
271,Tazovskiy,RU,2020-06-17 21:19:45,67.47,78.7,37.94,75,59,5.26
272,Husavik,IS,2020-06-17 21:19:46,66.04,-17.34,51.8,76,22,9.17
273,Palu,ID,2020-06-17 21:19:46,-0.89,119.87,75.69,82,100,3.58
274,Paamiut,GL,2020-06-17 21:19:47,61.99,-49.67,35.96,85,99,2.46
275,Kango,GA,2020-06-17 21:19:47,0.19,10.1,73.87,92,100,2.93
276,Pokhara,NP,2020-06-17 21:19:48,28.23,83.98,72.7,86,100,2.8
277,La Palma,US,2020-06-17 21:19:50,33.85,-118.05,78.01,56,90,8.05
278,Quime,BO,2020-06-17 21:19:50,-16.98,-67.22,59.43,47,45,5.77
279,Hue,VN,2020-06-17 21:17:46,16.47,107.6,78.8,83,20,2.24
280,Port Hardy,CA,2020-06-17 21:19:51,50.7,-127.42,57.2,76,75,5.82
281,Ignatovka,RU,2020-06-17 21:19:52,53.95,47.65,63.93,90,42,2.42
282,Sinjar,IQ,2020-06-17 21:19:52,36.32,41.88,85.53,21,0,18.05
283,Almaznyy,RU,2020-06-17 21:19:52,48.04,40.05,73.4,53,40,4.47
284,Bud,US,2020-06-17 21:19:53,39.45,-86.18,82.99,39,40,5.82
285,Orocue,CO,2020-06-17 21:19:53,4.79,-71.34,82.29,81,57,5.97
286,Tura,IN,2020-06-17 21:19:54,25.52,90.22,74.93,98,100,6.51
287,Tahta,EG,2020-06-17 21:19:55,26.77,31.5,95.0,13,0,10.29
288,Rifu,JP,2020-06-17 21:19:55,38.32,140.97,64.4,77,75,3.36
289,Leningradskiy,RU,2020-06-17 21:19:55,69.38,178.42,49.44,52,99,9.6
290,Kamaishi,JP,2020-06-17 21:19:56,39.27,141.88,64.71,72,0,2.3
291,Kita,ML,2020-06-17 21:19:56,13.03,-9.49,89.69,45,34,5.03
292,Muroto,JP,2020-06-17 21:19:57,33.28,134.15,68.99,86,100,10.4
293,Dudinka,RU,2020-06-17 21:19:25,69.41,86.18,37.4,93,25,8.95
294,Praia,CV,2020-06-17 21:19:58,14.92,-23.51,84.2,51,9,17.22
295,Waipawa,NZ,2020-06-17 21:19:59,-41.41,175.52,51.8,93,100,18.34
296,Sioux Lookout,CA,2020-06-17 21:19:59,50.1,-91.92,91.4,41,20,13.87
297,Tharad,IN,2020-06-17 21:19:59,24.4,71.63,89.58,68,71,18.9
298,Klaksvik,FO,2020-06-17 21:20:01,62.23,-6.59,50.0,93,100,4.7
299,Takoradi,GH,2020-06-17 21:20:02,4.88,-1.76,77.22,88,89,14.52
300,Vao,NC,2020-06-17 21:17:09,-22.67,167.48,73.02,78,98,12.84
301,Tucuman,AR,2020-06-17 21:20:03,-26.82,-65.22,75.2,53,1,2.64
302,Northam,GB,2020-06-17 21:19:22,51.03,-4.22,57.0,97,100,3.13
303,Clifton Springs,AU,2020-06-17 21:20:04,-38.15,144.57,37.99,100,0,2.24
304,Waldoboro,US,2020-06-17 21:20:04,44.1,-69.38,71.01,64,1,8.05
305,Nabire,ID,2020-06-17 21:20:05,-3.37,135.48,75.51,86,88,2.91
306,Mount Isa,AU,2020-06-17 21:20:06,-20.73,139.5,62.6,51,0,4.7
307,Kieta,PG,2020-06-17 21:20:06,-6.22,155.63,80.13,72,100,4.61
308,Jackson,US,2020-06-17 21:20:07,42.42,-122.83,73.0,40,20,3.36
309,Souillac,MU,2020-06-17 21:20:07,-20.52,57.52,68.0,94,75,18.34
310,Mocuba,MZ,2020-06-17 21:20:08,-16.84,36.99,61.2,98,0,4.41
311,Coihaique,CL,2020-06-17 21:20:08,-45.58,-72.07,41.0,93,40,3.87
312,Salta,AR,2020-06-17 21:20:10,-24.79,-65.41,80.6,30,5,6.93
313,Rundu,NA,2020-06-17 21:20:10,-17.93,19.77,54.21,52,0,5.82
314,Sao Jose Da Coroa Grande,BR,2020-06-17 21:20:10,-8.9,-35.15,76.24,76,10,11.36
315,Batagay-Alyta,RU,2020-06-17 21:18:46,67.8,130.41,68.4,42,0,3.53
316,Westport,US,2020-06-17 21:15:41,41.14,-73.36,75.0,64,1,10.29
317,Newport,GB,2020-06-17 21:16:33,51.59,-3.0,59.0,95,100,2.66
318,Yagodnoye,RU,2020-06-17 21:20:12,62.55,149.67,64.22,57,0,2.64
319,Teseney,ER,2020-06-17 21:20:13,15.11,36.66,91.71,36,10,1.83
320,Saint-Joseph,RE,2020-06-17 21:20:13,-21.37,55.62,64.4,88,75,11.41
321,Saint Anthony,US,2020-06-17 21:20:14,45.02,-93.22,89.6,33,20,18.34
322,Mirnyy,RU,2020-06-17 21:20:14,62.54,113.96,48.2,100,100,4.47
323,Okato,NZ,2020-06-17 21:20:15,-39.2,173.88,57.99,90,100,3.0
324,Maceio,BR,2020-06-17 21:20:16,-9.67,-35.74,73.4,83,20,6.93
325,Altamira,BR,2020-06-17 21:20:16,-3.2,-52.21,82.4,83,40,3.02
326,Obidos,BR,2020-06-17 21:20:17,-1.92,-55.52,83.66,70,34,3.11
327,Liseleje,DK,2020-06-17 21:20:17,56.01,11.95,64.0,100,1,5.23
328,Salym,RU,2020-06-17 21:20:18,60.06,71.48,41.07,93,0,6.15
329,Noumea,NC,2020-06-17 21:20:19,-22.28,166.46,68.0,88,90,3.36
330,Livermore,US,2020-06-17 21:20:19,37.68,-121.77,87.8,10,1,10.29
331,Gat,IL,2020-06-17 21:20:20,31.61,34.76,78.01,48,0,1.99
332,Kahului,US,2020-06-17 21:20:20,20.89,-156.47,89.6,43,20,23.04
333,Yelizovo,RU,2020-06-17 21:20:22,53.19,158.38,42.8,100,90,4.47
334,Mezen,RU,2020-06-17 21:20:22,65.85,44.24,37.2,86,25,3.33
335,Antofagasta,CL,2020-06-17 21:19:13,-23.65,-70.4,62.6,72,20,17.22
336,Pisco,PE,2020-06-17 21:20:23,-13.7,-76.22,68.0,72,0,20.8
337,Vikhorevka,RU,2020-06-17 21:20:25,56.12,101.16,42.8,87,0,4.47
338,Belaya Gora,RU,2020-06-17 21:20:26,68.53,146.42,82.15,25,0,8.21
339,Road Town,VG,2020-06-17 21:20:26,18.42,-64.62,86.0,66,40,10.29
340,Kon Tum,VN,2020-06-17 21:19:48,14.35,108.0,68.02,93,98,1.21
341,Kysyl-Syr,RU,2020-06-17 21:20:27,63.9,122.76,61.72,70,100,2.8
342,Hofn,IS,2020-06-17 21:20:28,64.25,-15.21,49.06,64,0,6.02
343,Bathsheba,BB,2020-06-17 21:20:28,13.22,-59.52,84.2,70,40,19.46
344,Veraval,IN,2020-06-17 21:20:29,20.9,70.37,84.31,82,92,11.79
345,Hay River,CA,2020-06-17 21:20:29,60.82,-115.8,57.2,58,75,17.22
346,Hailey,US,2020-06-17 21:20:29,43.52,-114.32,59.0,38,75,11.41
347,Fairbanks,US,2020-06-17 21:20:30,64.84,-147.72,75.0,35,1,4.7
348,Moron,AR,2020-06-17 21:20:31,-34.65,-58.62,77.0,57,90,10.29
349,Porteirinha,BR,2020-06-17 21:20:32,-15.74,-43.03,68.29,68,63,7.18
350,Henties Bay,NA,2020-06-17 21:20:33,-22.12,14.28,73.99,22,0,3.0
351,Burnie,AU,2020-06-17 21:20:35,-41.07,145.92,45.0,80,47,5.01
352,Chunskiy,RU,2020-06-17 21:20:35,56.08,99.63,44.83,80,0,3.33
353,Homestead,US,2020-06-17 21:20:36,25.47,-80.48,82.99,94,90,8.05
354,Saint-Pierre,RE,2020-06-17 21:20:37,-21.34,55.48,64.4,88,75,11.41
355,Zadar,HR,2020-06-17 21:17:32,44.12,15.24,66.2,88,7,2.08
356,Upington,ZA,2020-06-17 21:20:38,-28.45,21.26,55.4,50,0,10.29
357,Harper,LR,2020-06-17 21:20:38,4.38,-7.72,77.86,84,60,11.39
358,Yatou,CN,2020-06-17 21:20:39,37.15,122.38,66.83,77,100,3.36
359,Geraldton,AU,2020-06-17 21:20:39,-28.77,114.6,60.8,82,75,19.46
360,Terney,RU,2020-06-17 21:18:01,45.05,136.61,48.85,91,100,6.31
361,Matagami,CA,2020-06-17 21:20:40,49.75,-77.63,91.4,29,1,14.99
362,Salinas,US,2020-06-17 21:20:41,36.68,-121.66,77.0,36,1,16.11
363,Belyy Yar,RU,2020-06-17 21:20:43,53.6,91.39,50.0,93,88,2.24
364,Verkhnevilyuysk,RU,2020-06-17 21:16:15,63.45,120.32,55.02,85,99,7.72
365,Loiza,PR,2020-06-17 21:20:44,18.43,-65.88,88.0,62,40,17.22
366,El Sauzal,MX,2020-06-17 21:20:45,31.9,-116.68,72.0,71,7,4.0
367,Ostersund,SE,2020-06-17 21:17:17,63.18,14.64,57.2,100,99,3.36
368,Liku,ID,2020-06-17 21:20:46,-0.73,119.89,75.42,85,100,3.62
369,Ust-Kuyga,RU,2020-06-17 21:20:47,70.02,135.6,75.63,38,2,7.38
370,Codrington,AU,2020-06-17 21:20:47,-38.27,141.97,44.64,88,93,11.32
371,Castanos,MX,2020-06-17 21:20:48,26.78,-101.42,98.01,26,0,3.0
372,Asau,RO,2020-06-17 21:20:48,46.43,26.4,59.0,94,98,2.42
373,Taksimo,RU,2020-06-17 21:20:50,56.34,114.88,49.53,74,15,2.35
374,General Pico,AR,2020-06-17 21:15:59,-35.66,-63.76,56.23,77,100,9.98
375,Conceicao Do Araguaia,BR,2020-06-17 21:20:51,-8.26,-49.26,84.2,58,53,2.24
376,Manono,CD,2020-06-17 21:20:51,-7.3,27.42,66.4,45,0,4.18
377,Singaraja,ID,2020-06-17 21:17:41,-8.11,115.09,79.03,74,4,3.62
378,Momil,CO,2020-06-17 21:20:52,9.24,-75.67,89.6,66,75,4.7
379,Kurumkan,RU,2020-06-17 21:20:54,54.3,110.3,50.83,65,0,2.13
380,Brae,GB,2020-06-17 21:20:55,60.4,-1.35,53.6,93,96,3.36
381,Galle,LK,2020-06-17 21:19:16,6.04,80.22,80.82,87,50,8.52
382,Cockburn Town,TC,2020-06-17 21:20:56,21.46,-71.14,86.0,62,40,11.41
383,Saint-Andre-Avellin,CA,2020-06-17 21:20:56,45.72,-75.07,86.0,27,40,9.17
384,Houma,US,2020-06-17 21:20:56,29.6,-90.72,91.0,46,40,11.41
385,Kirakira,SB,2020-06-17 21:20:57,-10.45,161.92,80.96,81,30,7.56
386,Namibe,AO,2020-06-17 21:20:57,-15.2,12.15,70.86,67,0,5.68
387,Evans,US,2020-06-17 21:20:59,33.53,-82.13,75.99,53,90,5.82
388,Itaituba,BR,2020-06-17 21:20:59,-4.28,-55.98,89.6,59,20,2.24
389,Nushki,PK,2020-06-17 21:18:40,29.55,66.02,79.65,15,0,1.81
390,Nizhnevartovsk,RU,2020-06-17 21:21:00,60.93,76.55,46.4,93,90,8.95
391,Baykit,RU,2020-06-17 21:21:01,61.67,96.37,50.18,73,100,2.77
392,Pizhanka,RU,2020-06-17 21:21:01,57.46,48.54,50.34,76,0,6.31
393,Little Current,CA,2020-06-17 21:21:01,45.98,-81.92,75.99,41,0,5.99
394,Koch Bihar,IN,2020-06-17 21:21:03,26.32,89.43,78.21,95,100,8.52
395,Haikou,CN,2020-06-17 21:21:04,20.05,110.34,80.6,88,0,4.47
396,Biltine,TD,2020-06-17 21:21:05,14.53,20.92,82.27,54,56,12.01
397,Chumikan,RU,2020-06-17 21:21:06,54.72,135.31,38.37,95,99,4.41
398,Gambela,ET,2020-06-17 21:20:01,8.25,34.58,72.34,82,64,3.04
399,Praia Da Vitoria,PT,2020-06-17 21:21:07,38.73,-27.07,64.4,72,75,9.6
400,Aberfeldy,GB,2020-06-17 21:21:07,56.62,-3.86,55.0,90,76,1.99
401,Paducah,US,2020-06-17 21:20:04,37.08,-88.6,84.2,37,20,5.82
402,Wladyslawowo,PL,2020-06-17 21:21:08,54.79,18.4,60.01,82,40,6.93
403,Bonthe,SL,2020-06-17 21:21:08,7.53,-12.51,79.72,86,83,5.7
404,Linqiong,CN,2020-06-17 21:21:09,30.42,103.46,73.0,100,100,4.47
405,Krasnyy Chikoy,RU,2020-06-17 21:19:36,50.36,108.75,47.14,72,12,1.45
406,Burriana,ES,2020-06-17 21:21:10,39.89,-0.09,70.0,71,32,2.33
407,Basco,PH,2020-06-17 21:21:11,20.45,121.97,84.25,80,45,17.98
408,Caravelas,BR,2020-06-17 21:21:12,-17.71,-39.25,72.37,75,24,9.19
409,Blackwater,AU,2020-06-17 21:21:13,-23.58,148.88,55.24,84,0,9.86
410,Lazaro Cardenas,MX,2020-06-17 21:21:14,17.96,-102.2,87.78,57,0,11.88
411,Bosaso,SO,2020-06-17 21:21:15,11.28,49.18,93.63,41,97,20.89
412,Acuexcomac,MX,2020-06-17 21:21:16,19.03,-98.38,80.6,28,40,6.93
413,Pangkalanbuun,ID,2020-06-17 21:21:16,-2.68,111.62,73.85,98,90,2.24
414,Wanaka,NZ,2020-06-17 21:21:17,-44.7,169.15,37.0,87,100,6.02
415,Nuuk,GL,2020-06-17 21:21:17,64.18,-51.72,39.2,80,75,2.24
416,Lerwick,GB,2020-06-17 21:21:17,60.15,-1.15,53.6,93,84,2.24
417,Jumla,NP,2020-06-17 21:21:18,29.27,82.18,63.23,69,82,1.54
418,Port Hedland,AU,2020-06-17 21:21:18,-20.32,118.57,62.6,88,40,5.82
419,Ketchikan,US,2020-06-17 21:21:19,55.34,-131.65,62.6,51,90,18.34
420,Port Blair,IN,2020-06-17 21:21:19,11.67,92.75,82.94,81,100,12.12
421,Collie,AU,2020-06-17 21:21:20,-33.37,116.15,52.0,59,63,6.35
422,Zafra,ES,2020-06-17 21:21:21,38.42,-6.42,70.0,48,0,5.01
423,Monkey Bay,MW,2020-06-17 21:21:21,-14.07,34.92,66.92,66,0,17.98
424,Nichinan,JP,2020-06-17 21:21:22,31.6,131.37,68.0,100,75,2.24
425,Asbe Teferi,ET,2020-06-17 21:21:22,9.08,40.87,64.35,84,90,8.3
426,Wonthaggi,AU,2020-06-17 21:21:23,-38.6,145.59,43.0,86,0,6.55
427,San Andres,CO,2020-06-17 21:21:24,12.58,-81.7,84.2,83,40,10.29
428,Otjimbingwe,NA,2020-06-17 21:21:24,-22.35,16.13,60.58,32,0,8.59
429,Emba,KZ,2020-06-17 21:21:25,48.83,58.14,66.83,47,0,8.61
430,Sur,OM,2020-06-17 21:21:25,22.57,59.53,86.32,67,38,13.42
431,Mindelo,CV,2020-06-17 21:21:26,16.89,-24.98,84.2,51,0,31.09
432,Lumphat,KH,2020-06-17 21:21:27,13.49,106.98,72.43,96,100,1.05
433,Birjand,IR,2020-06-17 21:21:28,32.87,59.22,77.0,14,0,9.17
434,Vila Franca Do Campo,PT,2020-06-17 21:21:29,37.72,-25.43,64.4,72,20,11.41
435,Srednekolymsk,RU,2020-06-17 21:21:29,67.45,153.68,80.71,31,0,9.13
436,Vega De Alatorre,MX,2020-06-17 21:21:30,20.03,-96.63,84.16,67,19,6.85
437,Chicama,PE,2020-06-17 21:21:30,-7.84,-79.15,71.8,60,0,9.75
438,Rio Grande,BR,2020-06-17 21:18:09,-32.03,-52.1,71.6,78,95,10.29
439,San Patricio,MX,2020-06-17 21:21:34,19.22,-104.7,87.8,74,20,11.41
440,Badou,TG,2020-06-17 21:21:34,7.58,0.6,74.01,90,98,3.56
441,Puro,PH,2020-06-17 21:21:35,12.48,123.38,81.19,82,100,7.05
442,Champerico,GT,2020-06-17 21:21:35,14.3,-91.92,89.6,66,40,9.17
443,Morro Bay,US,2020-06-17 21:21:35,35.37,-120.85,84.0,32,0,7.0
444,Almaty,KZ,2020-06-17 21:21:37,43.25,76.95,57.2,58,75,4.47
445,Vestmannaeyjar,IS,2020-06-17 21:21:37,63.44,-20.27,48.9,77,100,16.33
446,San Cristobal,VE,2020-06-17 21:21:37,7.77,-72.22,91.4,43,20,14.99
447,Acapulco,MX,2020-06-17 21:21:26,16.86,-99.89,87.8,74,40,8.05
448,Yiyang,CN,2020-06-17 21:21:38,28.59,112.33,68.52,92,100,4.83
449,San Juan,AR,2020-06-17 21:21:39,-31.54,-68.54,59.65,34,43,5.88
450,Faanui,PF,2020-06-17 21:21:39,-16.48,-151.75,80.82,80,100,8.39
451,Oktyabrskoye,RU,2020-06-17 21:21:40,43.06,44.74,64.4,93,100,6.71
452,Bridlington,GB,2020-06-17 21:21:41,54.08,-0.19,55.99,100,98,5.82
453,Talnakh,RU,2020-06-17 21:21:42,69.49,88.4,37.4,86,100,6.71
454,Oruro,BO,2020-06-17 21:21:42,-17.98,-67.15,59.67,31,15,14.9
455,Broome,US,2020-06-17 21:21:42,42.25,-75.83,84.0,31,1,5.35
456,Aleksandrovsk-Sakhalinskiy,RU,2020-06-17 21:21:43,50.9,142.16,47.71,92,100,4.74
457,Berdigestyakh,RU,2020-06-17 21:20:43,62.1,126.7,63.57,59,18,8.12
458,Nanortalik,GL,2020-06-17 21:21:45,60.14,-45.24,39.02,76,99,8.9
459,Langsa,ID,2020-06-17 21:21:45,4.47,97.97,75.52,90,100,1.36
460,Bandiagara,ML,2020-06-17 21:21:47,14.35,-3.61,96.8,37,38,13.87
461,Redlands,US,2020-06-17 21:19:57,34.06,-117.18,80.01,38,5,3.36
462,Nouadhibou,MR,2020-06-17 21:21:48,20.93,-17.03,91.4,29,0,24.16
463,Oyten,DE,2020-06-17 21:21:49,53.05,9.02,71.6,68,100,8.05
464,Jiblah,YE,2020-06-17 21:21:50,13.92,44.15,72.66,53,100,1.68
465,Planeta Rica,CO,2020-06-17 21:21:50,8.41,-75.59,89.6,66,75,4.7
466,Chinhoyi,ZW,2020-06-17 21:21:51,-17.37,30.2,55.62,61,55,5.91
467,Fort Carson,US,2020-06-17 21:21:51,38.74,-104.79,93.2,8,1,10.29
468,Pringsewu,ID,2020-06-17 21:21:51,-5.36,104.97,72.99,87,4,1.43
469,Camocim,BR,2020-06-17 21:21:52,-2.9,-40.84,78.76,83,11,9.8
470,Lithakia,GR,2020-06-17 21:21:52,37.72,20.83,68.0,82,0,3.36
471,Jodar,ES,2020-06-17 21:21:53,37.84,-3.35,78.01,34,1,4.83
472,Puerto Baquerizo Moreno,EC,2020-06-17 21:21:53,-0.9,-89.6,71.6,88,75,11.41
473,Thunder Bay,CA,2020-06-17 21:21:54,48.4,-89.32,82.4,39,40,13.87
474,Auki,SB,2020-06-17 21:21:54,-8.77,160.7,80.11,80,65,4.18
475,Alberton,CA,2020-06-17 21:21:55,46.82,-64.07,72.52,61,96,15.75
476,Aracati,BR,2020-06-17 21:21:55,-4.56,-37.77,78.78,80,31,10.92
477,Yarmouth,US,2020-06-17 21:19:48,41.71,-70.23,73.4,49,1,5.82
478,Mizdah,LY,2020-06-17 21:21:57,31.45,12.98,78.15,27,0,14.43
479,Abnub,EG,2020-06-17 21:21:57,27.27,31.15,91.4,29,0,8.05
480,Hauterive,FR,2020-06-17 21:21:58,46.09,3.45,60.8,63,52,5.82
481,Paysandu,UY,2020-06-17 21:17:44,-32.32,-58.08,69.76,80,100,10.71
482,Milkovo,RU,2020-06-17 21:21:58,54.72,158.62,62.6,63,5,2.21
483,Inhambane,MZ,2020-06-17 21:22:00,-23.86,35.38,66.85,82,29,13.82
484,Moa,CU,2020-06-17 21:22:00,20.66,-74.94,82.26,84,100,10.4
485,Peace River,CA,2020-06-17 21:22:03,56.25,-117.29,59.0,77,90,4.7
486,Kahta,TR,2020-06-17 21:22:03,37.79,38.62,75.2,47,0,13.87
487,Tual,ID,2020-06-17 21:22:03,-5.67,132.75,80.56,83,30,21.88
488,Porto Novo,BJ,2020-06-17 21:22:04,6.5,2.6,80.6,83,40,13.87
489,Payson,US,2020-06-17 21:22:05,40.04,-111.73,62.6,33,40,9.17
490,Samana,DO,2020-06-17 21:22:05,19.21,-69.34,86.0,74,75,13.87
491,Marsa Matruh,EG,2020-06-17 21:22:06,31.35,27.25,69.8,73,0,10.29
492,Barabai,ID,2020-06-17 21:22:06,-2.58,115.38,73.2,92,73,1.12
493,Solnechnyy,RU,2020-06-17 21:22:07,50.72,136.63,44.29,80,99,8.08
494,Acajutla,SV,2020-06-17 21:22:07,13.59,-89.83,82.4,65,20,4.09
495,Kaduna,NG,2020-06-17 21:20:24,10.52,7.44,74.53,86,100,7.61
496,Margate,GB,2020-06-17 21:22:08,51.38,1.39,62.01,85,100,3.49
497,Songjianghe,CN,2020-06-17 21:22:08,42.19,127.48,54.82,95,55,3.33
498,Mercedes,AR,2020-06-17 21:22:10,-34.65,-59.43,75.0,72,100,8.01
499,Balabac,PH,2020-06-17 21:22:10,7.99,117.06,82.87,76,66,8.14
500,Gibara,CU,2020-06-17 21:18:40,21.11,-76.13,71.6,100,75,5.82
501,Huercal-Overa,ES,2020-06-17 21:22:11,37.39,-1.95,68.0,75,34,1.25
502,Erenhot,CN,2020-06-17 21:22:11,43.65,111.98,67.08,55,0,8.23
503,Rialma,BR,2020-06-17 21:22:12,-15.31,-49.58,71.6,59,0,7.02
504,Merauke,ID,2020-06-17 21:22:12,-8.47,140.33,76.77,87,22,15.26
505,Rocha,UY,2020-06-17 21:19:43,-34.48,-54.33,68.67,79,100,13.82
506,Garissa,KE,2020-06-17 21:22:13,-0.45,39.64,75.96,59,24,19.53
507,Moissala,TD,2020-06-17 21:22:13,8.34,17.77,71.4,95,100,1.9
508,Hasaki,JP,2020-06-17 21:22:14,35.73,140.83,68.0,94,75,9.17
509,San Pedro,PH,2020-06-17 21:22:15,14.35,121.02,82.4,74,20,1.12
510,Kouroussa,GN,2020-06-17 21:22:15,10.65,-9.88,77.27,86,39,3.29
511,Creel,MX,2020-06-17 21:22:16,27.75,-107.63,76.44,25,74,11.92
512,Changchun,CN,2020-06-17 21:19:35,43.88,125.32,57.2,82,0,2.24
513,Cartagena Del Chaira,CO,2020-06-17 21:22:17,1.33,-74.84,76.71,94,90,1.12
514,Macenta,GN,2020-06-17 21:22:18,8.54,-9.47,71.11,97,9,1.07
515,Torbay,CA,2020-06-17 21:22:19,47.67,-52.73,68.0,34,90,17.22
516,Kurilsk,RU,2020-06-17 21:22:21,45.23,147.88,48.9,93,100,6.64
517,Beitbridge,ZW,2020-06-17 21:22:21,-22.22,30.0,56.59,69,24,13.76
518,Ostrovnoy,RU,2020-06-17 21:20:49,68.05,39.51,41.0,76,0,4.27
519,Bedford,GB,2020-06-17 21:17:29,52.13,-0.47,61.0,94,100,3.0
520,Severomuysk,RU,2020-06-17 21:22:23,56.15,113.43,40.86,93,79,4.52
521,Tam Ky,VN,2020-06-17 21:22:24,15.57,108.48,80.6,83,20,1.12
522,Babstovo,RU,2020-06-17 21:22:24,48.12,132.48,49.78,86,1,4.45
523,Pauini,BR,2020-06-17 21:22:25,-7.71,-66.98,89.24,50,14,1.88
524,Pangai,TO,2020-06-17 21:22:25,-19.8,-174.35,75.2,73,75,18.34
525,Manises,ES,2020-06-17 21:22:26,39.49,-0.46,71.6,78,75,6.93
526,Lincoln,US,2020-06-17 21:18:20,40.8,-96.67,93.2,38,1,21.92
527,Mareeba,AU,2020-06-17 21:22:27,-17.0,145.43,69.01,90,100,1.99
528,Kortkeros,RU,2020-06-17 21:22:28,61.81,51.58,50.0,66,1,4.47
529,Kalemie,CD,2020-06-17 21:22:28,-5.95,29.19,69.31,68,0,3.74
530,Clearwater,US,2020-06-17 21:22:29,27.97,-82.8,89.6,52,1,9.17
531,Ilo,PE,2020-06-17 21:22:30,-17.64,-71.34,65.52,74,66,11.01
532,Ovsyanka,RU,2020-06-17 21:22:31,55.96,92.55,42.8,93,0,2.3
533,Sompeta,IN,2020-06-17 21:22:31,18.93,84.6,83.71,79,100,13.87
534,Ukmerge,LT,2020-06-17 21:22:32,55.25,24.75,66.2,82,100,5.82
535,Bhag,PK,2020-06-17 21:22:32,29.04,67.82,99.7,18,0,7.65
536,Pallasovka,RU,2020-06-17 21:19:51,50.05,46.88,68.54,57,0,7.85
537,Zarubino,RU,2020-06-17 21:22:33,42.63,131.09,57.42,95,97,10.78
538,Desaguadero,PE,2020-06-17 21:22:33,-16.57,-69.04,57.56,37,16,13.15
539,Guspini,IT,2020-06-17 21:22:34,39.54,8.63,70.0,88,0,9.17
540,Chateaubelair,VC,2020-06-17 21:22:35,13.28,-61.25,80.6,88,40,12.75
541,College,US,2020-06-17 21:22:35,64.86,-147.8,75.0,38,40,4.7
542,Mineiros,BR,2020-06-17 21:22:36,-17.57,-52.55,69.76,68,1,5.57
543,Chernyshevskiy,RU,2020-06-17 21:22:37,63.01,112.47,52.12,65,93,2.89
544,Hays,US,2020-06-17 21:22:37,30.05,-98.03,93.99,34,8,1.01
545,Sistranda,NO,2020-06-17 21:22:37,63.73,8.83,57.2,87,25,9.17
546,Dongli,CN,2020-06-17 21:22:38,23.57,116.82,78.8,100,40,2.24
547,Kalaleh,IR,2020-06-17 21:22:37,37.38,55.49,75.2,57,0,2.91
548,Ondjiva,AO,2020-06-17 21:22:39,-17.07,15.73,57.27,50,0,6.44
549,Mundybash,RU,2020-06-17 21:22:40,53.21,87.3,55.24,91,43,4.0
550,Teixeira,BR,2020-06-17 21:22:41,-7.22,-37.25,70.93,73,12,10.56
551,Kropotkin,RU,2020-06-17 21:22:41,45.44,40.58,71.01,75,70,10.0
552,Kuytun,RU,2020-06-17 21:17:47,54.34,101.5,45.41,73,6,4.63
553,San Vicente,AR,2020-06-17 21:22:42,-26.62,-54.13,67.6,77,0,5.06
554,Ukiah,US,2020-06-17 21:21:27,39.15,-123.21,87.01,12,1,3.36
555,Asind,IN,2020-06-17 21:22:43,25.73,74.33,89.06,49,58,21.68
556,Constitucion,CL,2020-06-17 21:17:59,-35.33,-72.42,53.98,87,88,10.09
557,Maha Sarakham,TH,2020-06-17 21:22:44,16.18,103.3,77.0,88,75,5.82
558,Brigantine,US,2020-06-17 21:22:46,39.41,-74.36,68.0,82,90,14.99
559,Aleksandrov Gay,RU,2020-06-17 21:22:48,50.15,48.57,71.1,55,1,7.34
560,Liverpool,GB,2020-06-17 21:18:02,53.41,-2.98,60.01,93,100,4.7
561,Mahina,PF,2020-06-17 21:22:48,-17.51,-149.49,82.4,74,75,9.17
562,Plettenberg Bay,ZA,2020-06-17 21:22:04,-34.05,23.37,61.48,40,0,7.0
563,Arroyo,ES,2020-06-17 21:22:49,41.61,-4.8,60.8,59,83,3.36
564,Qasigiannguit,GL,2020-06-17 21:22:50,68.82,-51.19,39.2,80,88,5.82
565,Santarem,BR,2020-06-17 21:22:00,-2.44,-54.71,83.68,69,68,2.73
566,Cabedelo,BR,2020-06-17 21:22:51,-6.98,-34.83,75.2,88,20,8.05
567,Nizhniy Kuranakh,RU,2020-06-17 21:22:51,58.84,125.49,59.49,79,53,2.33
568,Baijiantan,CN,2020-06-17 21:22:52,45.63,85.18,76.44,35,80,16.69
569,Majur,RS,2020-06-17 21:22:52,44.77,19.65,66.99,78,90,5.01
570,Puerto Escondido,MX,2020-06-17 21:22:53,15.85,-97.07,86.7,66,33,6.85
571,Sumbe,AO,2020-06-17 21:22:53,-11.21,13.84,72.32,84,0,5.79
572,Camacha,PT,2020-06-17 21:22:55,33.08,-16.33,64.4,93,20,6.93
573,Selma,US,2020-06-17 21:22:55,36.57,-119.61,84.99,36,0,4.47
574,Sadovoye,RU,2020-06-17 21:22:56,47.78,44.51,76.51,38,100,9.48
575,San Cataldo,IT,2020-06-17 21:22:57,37.48,13.99,66.99,100,0,1.99
576,Peniche,PT,2020-06-17 21:22:58,39.36,-9.38,64.0,77,0,5.01
577,Turinsk,RU,2020-06-17 21:22:58,58.05,63.7,43.45,77,0,4.56
578,Luancheng,CN,2020-06-17 21:22:59,37.88,114.65,62.6,82,3,2.24
579,Basoko,CD,2020-06-17 21:23:02,1.24,23.62,74.57,77,99,1.32
580,Homer,US,2020-06-17 21:23:02,59.64,-151.55,57.2,62,90,10.29
581,Cuamba,MZ,2020-06-17 21:23:02,-14.8,36.54,59.49,82,0,5.91
582,Aykhal,RU,2020-06-17 21:20:52,66.0,111.5,51.8,53,0,4.47
583,Inongo,CD,2020-06-17 21:23:03,-1.95,18.27,70.88,59,1,2.77
584,Atasu,KZ,2020-06-17 21:23:04,48.68,71.64,51.66,70,13,9.6
585,Dutse,NG,2020-06-17 21:23:04,11.76,9.34,81.84,61,100,12.48
586,Komsomolskiy,UZ,2020-06-17 21:23:05,40.43,71.72,66.2,45,60,4.7
587,North Bend,US,2020-06-17 21:23:05,43.41,-124.22,75.0,72,1,19.46
588,Cairns,AU,2020-06-17 21:23:06,-16.92,145.77,71.6,88,75,13.87
589,Meylan,FR,2020-06-17 21:23:07,45.22,5.79,59.0,82,24,1.5
590,Hami,CN,2020-06-17 21:23:07,42.8,93.45,84.6,14,96,4.03
591,Nishihara,JP,2020-06-17 21:23:08,26.18,127.76,82.4,88,75,14.99
592,Krasnozerskoye,RU,2020-06-17 21:23:08,53.98,79.24,52.11,92,22,5.3
593,Burns Lake,CA,2020-06-17 21:23:09,54.23,-125.75,72.5,29,0,3.33
594,Muros,ES,2020-06-17 21:23:09,42.78,-9.06,57.99,83,26,1.01
